First name ,LAST,PHONE-1,disposition,,EMAIL,CREDIT_RATING,LOAN_AMT,BK_TAX_LIENS,BUSINESS_NAME,ANNUAL_REVENUE,MONTHLY_SALES,MONTHLY_BANK_DEP
ALBERTA ,QUIAH ,4849043087,,Voice Mail ,info@beautysheacosmetic.com,GOOD (670-739),50000,NO,Beautyshea Cosmetics Llc ,240000,20000,15-20
MIKE ,RAWSON ,5418910397,,No Answer,a1drywallklamathfalls@gmail.com,VERY GOOD (740-799),60000,NO,A-1 Drywall &amp; Painting, LLC ,480000,40000,30 OR MORE
Tim  ,Maddox ,4782721420,,No Answer,1347 Buckeye Rd,GOOD (670-739),25000,NO,TimMaddoxUsedParts@gmail.com ,240000,20000,20-25
Kent ,Claar ,8144145425,,No Answer,kentclarr34@gmail.com,GOOD (670-739),100000,NO,Kent Claar Handyman Plus LLC ,360000,30000,30 OR MORE
John ,Sunsch ,7343681980,,Sale on Home Town ,Funsch.john@gmail.com,GOOD (670-739),20000,NO,Discount Plumbing ,240000,20000,15-20
Alexander  ,Kane ,4022132012,,Voice Mail ,coppersmithkane@gmail.com,GOOD (670-739),25000,NO,Coppersmithkane ,240000,20000,10_15
Richard  ,Strasser ,3092310364,,No Answer,kassy1ric@yahoo.com,GOOD (670-739),35000,NO,Strasser Electric ,480000,40000,30 OR MORE
Arik ,Ebrahimi ,8189570451,,Callback,albert4haircare@gmail.com,GOOD (670-739),20000,- SELECT -,Scissors Palace ,144000,12000,10_15
Ted ,Payton ,3012571835,,Sale on Kunnect,exodus1inc@gmail.com,FAIR (580-669),100000,NO,Exodus1inc ,480000,40000,30 OR MORE
Eric  ,Young ,2153906200,,No Answer,uslpaint@yahoo.com,GOOD (670-739),250000,- SELECT -,	Universal Straight Lines LLC ,360000,30000,30 OR MORE
Angem ,Katen ,5852818780,,Voice Mail ,katam001@yahoo.com,GOOD (670-739),75000,- SELECT -,Rosab IT Services ,480000,40000,30 OR MORE
Jerry ,Splunge ,5183769457,,No Answer,jsplunge@gmail.com,GOOD (670-739),20000,- SELECT -,J &amp; J Commercial Services ,180000,15000,15-20
Anthony ,Gladney ,4072341668,,No Answer,jetgiclean@gmail.com,GOOD (670-739),15000,NO,Gladney Mobile Detailing ,180000,15000,10_15
Philip ,Gordon ,7862829738,,No Answer,nordike7777@gmail.com,GOOD (670-739),25000,- SELECT -,Gordon Plastering And Stucco Repair ,240000,20000,20-25
William  ,Belknap ,8322288792,,No Answer,BelknapBuilders@yahoo.com,GOOD (670-739),25000,NO,Belknap Builders ,144000,12000,10_15
Kevin ,Johnson ,6026848226,,No Answer,kjframing@yahoo.com,VERY GOOD (740-799),50000,NO,K J Construction ,600000,50000,30 OR MORE
Tisha ,Outen ,7042998642,,No Answer,gct32hgcr@gmail.com,GOOD (670-739),25000,NO,GCT Building Services ,180000,15000,15-20
Jeremy  ,Ouellette ,8608471255,,No Answer,jofirstchoice@aol.com,GOOD (670-739),20000,- SELECT -,First Choice Home Improvement ,360000,30000,30 OR MORE
Steve ,Thlley ,8166655544,,No Answer,Countrysteve2001@gmail.com,GOOD (670-739),40000,NO,Country Steve ,360000,30000,30 OR MORE
Clint ,Hattaway ,2812177400,,No Answer,C.hattaway@hrelectriccompany.com,GOOD (670-739),50000,- SELECT -,H&amp;R Electric, Llc ,400000,33333.33333,30 OR MORE
Brian  ,Graves ,2609082997,,No Answer,ohcabinetgui@yahoo.com,GOOD (670-739),30000,NO,Top Quality Cabinets ,250000,20833.33333,20-25
Jesus ,Padron ,5125630785,,No Answer,JTwoSonsConcrete@gmail.com,GOOD (670-739),30000,NO,J Two SonsConcrete Contractors LLC ,300000,25000,25-30
Money ,White ,4044686572,,Call Back ,yenom_inc@yahoo.com,GOOD (670-739),30000,NO,Yenom Developement  ,144000,12000,10_15
Steve  ,Damron ,6069390502,,No Answer,motorcarriersolutions@yahoo.com,GOOD (670-739),100000,NO,Little Rock Trucking LLC ,480000,40000,30 OR MORE
Adhess  ,Yakob ,5022919090,,Voice Mail ,yadhess@yahoo.com,FAIR (580-669),40000,- SELECT -,YAK TRANSPORT LLC ,250000,20833.33333,- SELECT -
Charles ,Davis ,7704683882,,Voice Mail ,Davispfs@yahoo.com,GOOD (670-739),20000,NO,Davis Professional Funeral Service ,240000,20000,15-20
Guillermo ,Alonso ,7862770217,,No Answer,Kleanpower@yahoo.com,GOOD (670-739),50000,- SELECT -,The Pine Wood Hauling Company ,480000,40000,30 OR MORE
Chris K.  ,Moore ,3122964423,,No Answer,mooremanagementinc@gmail.com,VERY GOOD (740-799),40000,NO,Moore Management Inc ,240000,20000,25-30
Kenneth  ,Parsons ,6155333846,,No Answer,Kennethrparsons@gmail.com,GOOD (670-739),20000,NO,Performance Mechanical ,250000,20833.33333,20-25
MICHAEL  ,HOFFMAN ,2106065151,,No Answer,hoffman136@yahoo.com,GOOD (670-739),50000,NO,CHAMPS SITEWORK INC ,360000,30000,30 OR MORE
Ricky ,Torres ,8323683774,,No Answer,rtorres196811@gmail.com,GOOD (670-739),50000,- SELECT -,La Roma Renovations ,480000,40000,30 OR MORE
Juan ,Gamez ,8323534668,,No Answer,Jgamez@consolidated.net,GOOD (670-739),50000,NO,Correct Plumbing ,360000,30000,30 OR MORE
Chuck  ,Maltbie ,7858192215,,DNC List,spaguy4u@gmail.com,GOOD (670-739),75000,- SELECT -,Home Resort ,750000,62500,30 OR MORE
William ,Ball ,6012138227,,No Answer,wb04@live.com,GOOD (670-739),75000,NO,Ball Maintenance And Remodeling, Llc ,720000,60000,- SELECT -
Jason  ,Mickel ,2107694865,,Not Intrested,mickelhandymanservice@gmail.com,GOOD (670-739),20000,NO,Mickel Handyman Service ,150000,12500,10_15
Friday ,Ododo ,9724390695,,Voice Mail,ojorhomes@gmail.com,GOOD (670-739),30000,- SELECT -,Ojor Construction, LLC ,480000,40000,30 OR MORE
Bill  ,Sorg ,7542448710,,Not Intrested,mrbillthefenceguy@gmail.com,GOOD (670-739),20000,- SELECT -, Sorg Able Fence &amp; Gate ,360000,30000,- SELECT -
George W.  ,Venteicher ,4022030713,,Not Intrested,gwventeicher@gmail.com,GOOD (670-739),20000,NO,A Cross Time Carpet Cleaning And More ,180000,15000,15-20
Jerry ,Schill ,4056251001,,No Answer,yukontrucking@yahoo.com,GOOD (670-739),20000,NO,Jerry S Cleanup Landscaping ,360000,30000,20-25
Francis E  ,Ovienmhad ,6027871508,,No Answer,perfectflowdevelopment@gmail.com,GOOD (670-739),25000,NO,Perfect Flow Development LLC Contruction ,280000,23333.33333,25-30
James ,Stoddard ,8632103440,,No Answer,stoddardjws@gmail.com,GOOD (670-739),15000,YES,Diamond Painting ,180000,15000,15-20
Frank  ,Bleau ,5182600561,,Call Back on Monday,Called on 6/Feb he said I am looking for in a month & Long term 4 Years atleast,In Middle of March Need:50-75k (Fedral DNC),pinehillsconstruction@gmail.com,GOOD (670-739),50000,- SELECT -,Pine Hills Construction ,600000,50000,- SELECT -
Richard ,Cas ,2487611330,,Not Intrested,rjccpa@msn.com,GOOD (670-739),25000,NO,MHC ADVISORS PC CPAS &amp; MA ,240000,20000,- SELECT -
Dennis ,Stallings ,6784631291,,Not Now,stallings@stalcorp.com,GOOD (670-739),15000,NO,DDSS STAL CORP, LLC ,150000,12500,10_15
David ,Glidden ,6784093675,,No Answer,dglidden@msesllc.net,GOOD (670-739),200000,- SELECT -,MSES Llc ,500000,41666.66667,- SELECT -
Gary ,Garcia ,9563309991,,DNC List,riobrovo.const@gmail.com,GOOD (670-739),100000,- SELECT -,Rio Bravo Construction ,900000,75000,- SELECT -
Francisco ,Lomelin ,8586880205,,No Answer,doowood@gmail.com,GOOD (670-739),100000,NO,Doowood Construction ,900000,75000,30 OR MORE
Bryan   ,Parmenter ,5084460781,,No Answer,bryan@pfsland.com,GOOD (670-739),20000,NO,PFS Land Surveying Inc ,250000,20833.33,20-25
Francisco ,Mendoza ,6193151577,,No Answer,mensuplanddesign@yahoo.com,GOOD (670-739),25000,- SELECT -,Mendoza's Supreme Landscape Design ,300000,25000,- SELECT -
Babu ,Singh ,9174685763,,No Answer,babu7229b@aol.com,GOOD (670-739),50000,- SELECT -,Lionheart Construction Co ,360000,30000,- SELECT -
Alvaro ,Monge ,3108942407,,No Answer,moncertytrucking@gmail.com,GOOD (670-739),30000,NO,Trucking ,320000,26666.66667,25-30
Mark ,Hanson ,6192617180,,No Answer,mhanson44@gmail.com,GOOD (670-739),150000,NO,Mark Collision ,6000000,500000,30 OR MORE
Kimbro ,Stephens  ,5015450850,,No Answer,kimbro@juristlawgroup.com,GOOD (670-739),15000,- SELECT -,STEPHENS LAW FIRM ,360000,30000,30 OR MORE
MIKE  ,FRABE ,2692142824,,No Answer,justhorseplaytransport@gmail.com,GOOD (670-739),30000,- SELECT -,Just Horseplay Transportation ,240000,20000,- SELECT -
Jimmy ,Greer ,6203300647,,No Answer,jggreerbj@gmail.com,GOOD (670-739),100000,NO,Greer Farms INC ,500000,41666.66667,30 OR MORE
Robert ,Spar ,9417760632,,Disconnected,horizonfinair@aol.com,GOOD (670-739),10000,- SELECT -,Horizon Finance Air Corporation ,240000,20000,- SELECT -
SCOTT ,GASKIN ,2258063764,,Not Intrested,infogreenfrog@gmail.com,VERY GOOD (740-799),50000,- SELECT -,GREEN FROG PRODUCTIONS ,300000,25000,- SELECT -
Wayne ,Ingram ,4053822040,,Owner N/A,ingram.exploration@yahoo.com,VERY GOOD (740-799),50000,NO,INGRAM EXPLORATION INC ,360000,30000,30 OR MORE
Paul  ,Glenn ,5136179679,,Not Intrested,Pglenn55@gmail.com,VERY GOOD (740-799),45000,NO,Resolve Building Services, Llc ,360000,30000,30 OR MORE
Gary ,Tibshraeny ,4803303131,,NA,garytibs@yahoo.com,GOOD (670-739),10000,NO,Git Properties LLC ,150000,12500,10_15
David  ,Walock ,3526252156,,NA,f2cwallick@embarqmail.com,VERY GOOD (740-799),50000,- SELECT -,Kegelmaster Worldwide ,480000,40000,- SELECT -
Ectoria ,Straughter ,3103468670,,NA, ,VERY GOOD (740-799),35000,- SELECT -,A Brighter Future Child Care ,240000,20000,- SELECT -
Ken ,Douglas ,7346979137,,NA,douglascarpet@ett.net,GOOD (670-739),15000,NO,DOUGLAS CARPETS ,180000,15000,- SELECT -
Dave ,Dave L ,5099652220,,NA,daveyju40@gmail.com,GOOD (670-739),15000,- SELECT -,Tax Return Information Center ,120000,10000,- SELECT -
Sam ,Baskin ,7707092255,,NA,sambaskin50@yahoo.com,GOOD (670-739),30000,NO,AM2PM Locksmiths ,240000,20000,25-30
Hoa ,Nguyen ,7035985745,,,serenitynails9703@gmail.com,GOOD (670-739),20000,- SELECT -,Serenitynails ,240000,20000,- SELECT -
Ali ,Kadam ,3362857162,,Hang up,shares20@hotmail.com,GOOD (670-739),30000,NO,Golden Pizza ,300000,25000,- SELECT -
Gary ,Conner ,5127690235,,NA,garyconnersr@gmail.com,GOOD (670-739),25000,NO,Garry Conner Excavating ,240000,20000,20-25
Arnett ,Pickens ,7147704488,,NI,cchuff723@yahoo.com,GOOD (670-739),50000,NO,Charles Huffman And Associates ,200000,16666.66,15-20
Cliff ,Benjamin ,3863165128,,NI,mkt.mre@gmail.com,GOOD (670-739),20000,- SELECT -,ETOA ,240000,20000,20-25
Ryan ,Fisher ,4352195808,,DNC,ryan@shanesdonuts.com,GOOD (670-739),30000,NO,Shane&amp;acirc;s Donuts Llc  ,200000,16666.66667,15-20
Antroy ,Cleghorn ,8573209732,,NA,subboy_22@yahoo.com,FAIR (580-669),25000,- SELECT -,NJD PAINTINGS ,144000,12000,10_15
Ronell   ,Cabrera ,4793218236,,AM,cabreraronell@yahoo.com,GOOD (670-739),70000,NO,Cabrera's Construction Co. ,840000,70000,- SELECT -
Alfred  ,Hinton	 ,7139060290,,CALLBCK,agconstruction37@gmail.com ,GOOD (670-739),30000,NO,Hinton's A &amp; G Construction Company ,360000,30000,- SELECT -
Steven ,Williams ,5012183296,,AM,swilliams87@gmail.com,GOOD (670-739),50000,NO,S. Williams &amp; Associates Residential Con ,400000,33333.33333,30 OR MORE
Alejandro ,Espinoza ,5599164963,,NA,garrafa.fresno@gmail.com,VERY GOOD (740-799),50000,- SELECT -,Garrafa ,480000,40000,30 OR MORE
Eric ,Bonatti ,7863067900,,AM,ezconstructionfl@aol.com,GOOD (670-739),20000,YES,EZ Constructions ,240000,20000,- SELECT -
Cody ,Holliman ,2053375381,,NI,hollimanflooringinc@gmail.com,GOOD (670-739),35000,- SELECT -,Holliman Flooring ,360000,30000,20-25
Lyndon  ,Matthews ,3373442866,,Hang up,mathewslyndon98@gmail.com,GOOD (670-739),20000,NO,TJL Builders ,240000,20000,- SELECT -
John  ,Russo ,8082822268,,NA,Jrussoconstruction@yahoo.com,GOOD (670-739),25000,NO,Russo Construction ,240000,20000,- SELECT -
Jaime   ,Lopez ,8504999000,,NA,donlopezelectric@cox.net,GOOD (670-739),20000,NO,Don Lopez Electric Llc ,240000,20000,- SELECT -
Jeffrey ,Goldberg ,2248489983,,NA,jefflgoldberg@gmail.com,GOOD (670-739),50000,NO,MTG Business Services Inc ,480000,40000,30 OR MORE
Mario  ,Carrasco ,2106320429,,NA,txcustom@gmail.com,GOOD (670-739),25000,NO,Texas Custom Countertops  ,300000,25000,- SELECT -
Mark  ,Smitty ,9137107081,,NA,smittysheatingandcooling913@gmail.com,VERY GOOD (740-799),35000,- SELECT -,Smittys Heating &amp; Cooling Llc ,420000,35000,30 OR MORE
Virgil  ,Clark ,4049575420,,NA,virgilclark514@gmail.com,GOOD (670-739),40000,NO,Brother Builder ,480000,40000,- SELECT -
David ,Crozier ,9169349149,,NA,dcrozier@sbcglobal.net,GOOD (670-739),30000,NO,Dlc Construction ,480000,40000,30 OR MORE
Kenneth   ,Mooney ,8176943407,,NA,mooney.kenneth@yahoo.com,GOOD (670-739),20000,NO,B &amp; K Construction ,240000,20000,- SELECT -
Anthony ,Arnett ,5138860081,,CALLBCK,arnettandson@gmail.com,GOOD (670-739),30000,NO,Arnett-N-Sons ,250000,20833.33333,25-30
Shana ,Guidry ,5044426428,,NA,stigerrsnds@gmail.com,FAIR (580-669),35000,- SELECT -,Tiger Residential &amp; Commercial, LLC ,480000,40000,30 OR MORE
Michael  ,Jarman ,4434184701,,No Answer,mjdusmike2020@gmail.com,GOOD (670-739),35000,NO,Ust Mike Auto Detailing &amp; Handyman Servi ,240000,20000,25-30
Kenyada ,Coe ,4782334685,,Voice Mail,1michaelcoe@gmail.com,GOOD (670-739),20000,- SELECT -,K.&amp;amp;.m Trucking ,120000,10000,10_15
Jaime  ,Sanchez ,7739601080,,Voice Mail,Sanchez2695@gmail.com,GOOD (670-739),40000,NO,Sanco Home Service ,480000,40000,- SELECT -
David ,Laird ,9162765192,,Voice Mail,OFFICE@RCEHOUSING.COM,VERY GOOD (740-799),50000,- SELECT -,River City Housing ,600000,50000,30 OR MORE
David  ,Jones ,2672705968,,Voice Mail,djjones3636@gmail.com,GOOD (670-739),50000,- SELECT -,D.J. Jones General Construction ,360000,30000,25-30
Julio ,Rivera ,3474654420,,No Answer,julioriveratransports@gmail.com,GOOD (670-739),50000,NO,Julio Rivera Transport ,600000,50000,30 OR MORE
Donald ,Rice ,2604851748,,Not Interested,driceconstruction@gmail.com,EXCELLENT (800+),100000,- SELECT -,Rice Construction ,800000,66666.66667,30 OR MORE
Maria  ,Ramirez ,2104731264,,Voice Mail,diamondmasonry1@yahoo.com,GOOD (670-739),30000,NO,Diamond Masonry ,360000,30000,- SELECT -
Oscar ,Lopez ,3614600657,,Voice Mail,southtexascarpetcleaning@yahoo.com,FAIR (580-669),50000,NO,South Texas Carpet Cleaning ,400000,33333.33333,30 OR MORE
Barry ,Jones ,6014988281,,Voice Mail,noemail@email.com,GOOD (670-739),30000,NO,Joe's Construction Company ,360000,30000,25-30
Luis ,Cardoso ,9176603338,,No Answer,cardosoluis04@gmail.com,VERY GOOD (740-799),100000,- SELECT -,The Pro Construction ,600000,50000,30 OR MORE
Otis ,Byles ,3137482618,,DC,leesconnerstone@gmail.com,GOOD (670-739),20000,NO,Lee's Painting ,140000,11666.66667,10_15
Kyle ,Poston ,9196509170,,Voice Mail,kylep@bellsouth.net,EXCELLENT (800+),50000,- SELECT -,K &amp; J Construction Company, LLC ,600000,50000,30 OR MORE
Willie ,Daniels ,9548566287,,Voice Mail,dflawnservice@gmail.com,FAIR (580-669),15000,NO,D &amp; F Lawn &amp; Landscaping Inc ,140000,11666.66667,10_15
Nicholas  ,Minden ,3149152706,,Not Interested,nicholasminden@yahoo.com,GOOD (670-739),50000,- SELECT -,Minden Masonry And Restoration ,360000,30000,25-30
Eddie ,Washington ,2153701436,,Not Interested,eddiewashington1@comcast.net,VERY GOOD (740-799),50000,- SELECT -,Washington General Contractor LLC ,2400000,200000,20-25
Ernest  ,Taylor ,8028816499,,No Answer,Ernietaylor1955@gmail.com,GOOD (670-739),15000,NO,Taylor Towing &amp; Auto Repair ,180000,15000,- SELECT -
Garry  ,Stock ,4128552141,,No Answer,Garystocksoffice@gmail.com ,GOOD (670-739),20000,NO,Stock Construction ,240000,20000,- SELECT -
Daryl ,Bradley ,3462672023,,Voice Mail,topfloorinstallations111@gmail.com,GOOD (670-739),15000,NO,Top Floor Installations  ,200000,16666.66667,20-25
William  ,Lambright ,2142881996,,DNC,willie@willielambright.com,VERY GOOD (740-799),30000,NO,Wlm Holding Llc ,240000,20000,15-20
Crescencio ,Hernandez ,7136774029,,DNC,ysconstructionatt.net,GOOD (670-739),20000,NO,Ruby's Construction #1 ,180000,15000,15-20
Waldith  ,Thomson ,9547357250,,Voice Mail,wthompson7@hotmail.com ,GOOD (670-739),20000,NO,Business To Business Supplies &amp; Services ,240000,20000,- SELECT -
David ,Quinn ,4044353939,,Voice Mail,info@thehousemd.com,FAIR (580-669),50000,NO,The House MD LLC ,150000,12500,15-20
Percy ,Davis ,9192293942,,DC,pfast127@gmail.com,GOOD (670-739),30000,NO,Davis Enterprises ,240000,20000,- SELECT -
Juan  ,Estrada ,8176147554,,Voice Mail,Jvpainting63@yahoo.com,GOOD (670-739),20000,NO,JV Painting ,240000,20000,- SELECT -
Anthony  ,Miloro ,7275359900,,Not Interested,Advanced@tampabay.rr.com,GOOD (670-739),80000,NO,Advanced Landscaping Services Inc ,960000,80000,- SELECT -
Irving ,Torres ,3056070068,,Voice Mail,irtproduce@gmail.com,VERY GOOD (740-799),100000,NO,Leyenda Distributor Llc ,200000,16666.66667,30 OR MORE
Roland ,Hall ,2033955292,,DNC,nycarstar@aol.com,VERY GOOD (740-799),100000,NO,Innovated Body Design Llc ,600000,53000,30 OR MORE
Clark  ,Brownstein ,7076554646,,Voice Mail,Clark@Brownsteinconstruction.com,GOOD (670-739),30000,NO,Brownstein Construction Llc ,300000,25000,- SELECT -
Luis ,Catalan ,3146956535,,Voice Mail,luiscatalan@homemadestl.com,FAIR (580-669),30000,NO,HomeMade STL ,360000,30000,25-30
Ronald ,Gray ,8506537186,,Not interested,ronald123@aol.com,GOOD (670-739),50000,NO,RONALD GRAY AND ASSOCIATES ,400000,33333.33333,20-25
Brandi ,Ward ,5402222480,,No answer,bward@eddisonva.com,GOOD (670-739),20000,NO,Edison Power And Controls Inc. ,250000,20833.33333,20-25
Mike ,Diaz ,3056009421,,No answer,micheaeldiaz2007@gmail.com,GOOD (670-739),30000,NO,Nextek Kitchen's &amp; Baths ,144000,12000,10_15
Ricky  ,Egan ,6084180056,,No answer,(608) 418-0056,GOOD (670-739),15000,NO,Egan Construction Consultant Llc ,180000,15000,- SELECT -
John  ,Hollingsworth ,4844674567,,Hangup,jphconstruct@gmail.com,GOOD (670-739),10000,NO,Jph Construction LLC ,120000,10000,- SELECT -
Jim  ,Sills ,4076563700,,Not interested,sills272@gmail.com,GOOD (670-739),200000,NO,DJ's Auto Sales Of Ocoee ,200000,16666.66667,- SELECT -
Thomas  ,Muldrew ,5015410837,,No answer,thomas.muldrew@comcast.net ,GOOD (670-739),25000,NO,Dependable Delivery, Inc. ,300000,25000,- SELECT -
Lee  ,Ahead ,8127602576,,VM, leeahead30@gmail.com,GOOD (670-739),50000,NO,LAH Home Improvement &amp; Roofing Llc ,400000,33333.33333,- SELECT -
Johnson	 ,Ngozi ,9013141865,,VM,ngzscrubnshine@att.net,GOOD (670-739),10000,NO,NGZ Scrub N Shine Construction Cleaning ,120000,10000,- SELECT -
Robert  ,Raines ,9045796965,,VM,rrainesconstruction@yahoo.com,GOOD (670-739),50000,NO,R. Raines Construction, LLC	 ,500000,41666.66667,- SELECT -
Ricardo  ,Merino ,7138260531,,VM,rmerino@rmacgc.com,GOOD (670-739),30000,- SELECT -,RMA Commercial General Contractors ,360000,30000,- SELECT -
David  ,Reynolds ,8138101986,,VM,wesleychapelairrepair@gmail.com,GOOD (670-739),30000,NO,Wesley Chapel Air Repair Llc ,360000,30000,- SELECT -
Stephanie  ,Muoy ,5027676016,,Not interested,Rarebreedroofing@gmail.com,GOOD (670-739),30000,YES,Rare Breed Roofing &amp; Construction ,360000,30000,- SELECT -
David  ,Carter ,7606825248,,Hangup,David@theodesignbuilders.co,GOOD (670-739),30000,NO,The O Design, Builders&amp; Electrical Inc. ,360000,30000,- SELECT -
Isidro  ,Canlas ,5103757806,,VM,iccelectrical@yahoo.com,GOOD (670-739),15000,NO,ICC Electrical Services ,180000,15000,- SELECT -
Charles  ,Woodbury ,5016138294,,VM,(501) 613-8294,GOOD (670-739),12000,NO,Woodys Auto Plus LLC ,144000,12000,- SELECT -
Jon  ,Mueller ,3145967948,,VM,giovannisconst@aol.com,GOOD (670-739),12000,NO,Giovanni's Construction And Development  ,150000,12500,- SELECT -
Mitchell ,Hampton ,4045660246,,VM,hamptoncustomconstruction@comcast.net,GOOD (670-739),20000,NO,Hampton Custom Remodeling &amp; Supplies, In ,216000,18000,- SELECT -
James  ,Saunders ,8134938754,,VM,completetreeservices@gmail.com,GOOD (670-739),20000,NO,Complete Tree Service ,240000,20000,- SELECT -
Bruce ,Huhta ,3607491275,,No answer,Thepaintsmyth@comcast.net,GOOD (670-739),25000,NO,The Paint Smyth LLC,300000,25000,- SELECT -
Roberto ,Zepeda ,2132496726,,VM,tckautotube@aol.com,GOOD (670-739),10000,- SELECT -,TCK Auto Lube ,120000,10000,- SELECT -
Donald  ,Leckie ,3158076225,,Not interested,donleckie1965@gmail.com,GOOD (670-739),20000,NO,Solid Rock Construction Company ,240000,20000,- SELECT -
David ,Mudd ,5027979992,,No answer,novoremodeling@outlook.com,GOOD (670-739),15000,- SELECT -,Novo Remodeling ,180000,15000,- SELECT -
Gerard  ,Johnson ,2054095561,,callback,gajcolumbia79@gmail.com,GOOD (670-739),10000,NO,Johnson Construction Company ,120000,10000,- SELECT -
James  ,Maydon ,9566229283,,No answer,,GOOD (670-739),12500,NO,Maydon Air Conditoning &amp; Heating ,150000,12500,- SELECT -
Jimmy  ,Davidson ,6622753834,,Not interested,jdavid4715@comcast.net,GOOD (670-739),10000,NO,Davco, Llc ,120000,10000,- SELECT -
David,Greenfield,2032581272,,Not interested,Dgreenfieldleo@optonline.net,GOOD (670-739),20000,NO,Leo Constructing ,260000,21666.66667,- SELECT -
Linnon ,Mcmullen ,2164080704,,VM,linnonmcmullen@yahoo.com,GOOD (670-739),10000,NO,Mack &amp; Son Construction ,120000,10000,- SELECT -
Jerry  ,Blaylock ,2146866519,,VM,jblaylock68@gmail.com,GOOD (670-739),10000,NO,Blaylock Transportation ,120000,10000,- SELECT -
Jeffery  ,Jackson  ,2407934408,,VM,jlj2003@yahoo.com,GOOD (670-739),10000,- SELECT -,Leon Builders LLC ,120000,10000,- SELECT -
Patrick  ,Lawler ,2146290576,,Busy,lawlerenterprise@gmail.com,GOOD (670-739),15000,NO,Lawler Enterprise ,180000,15000,- SELECT -
David  ,Lopez ,3614558702,,VM,dlopezjrconstruction@yahoo.com,GOOD (670-739),15000,- SELECT -,David Lopez Jr. Construction ,150000,12500,- SELECT -
Luke  ,Webber ,9365889940,,VM,heavyganglaer@gmail.com,GOOD (670-739),15000,NO,Webber's Sprinkler And Landscaping Co ,180000,15000,- SELECT -
Jorge  ,Renteria ,9156159051,,Hungup,Projects@geoelectricllc.com,GOOD (670-739),15000,NO,Geo Electric,Llc ,180000,15000,- SELECT -
Anthony William  ,Flaherty ,2196082164,,,atfbuilders@hotmail.com,GOOD (670-739),20000,NO,ATF Builders ,240000,20000,- SELECT -
Michael ,Mackey ,2192624058,,VM,aggressivebuilders@yahoo.com,GOOD (670-739),20000,NO,Aggressive Builders ,240000,20000,- SELECT -
Rudy  ,Bautista ,5049145385,,VM,bautistarudy@hotmail.com,GOOD (670-739),15000,NO,Rudgato Construction LLC ,180000,15000,- SELECT -
Oerin (OJ),Jordan,3473227775,,Gross 6k a month,ojshomeimprovementllc@gmail.com,GOOD (670-739),15000,NO,OJ Home And Construction ,180000,15000,- SELECT -
Steven Brett,Bottoms,4796520380,,VM,brettbc20@yahoo.com ,GOOD (670-739),15000,NO,Bretts Painting ,180000,15000,
Troy  ,Spencer ,3145990821,,Hungup,spencertroy50@gmail.com,GOOD (670-739),50000,NO,Rev Troy's Handyman Construction Compan  ,600000,50000,- SELECT -
Irvin ,Chavez ,7205323633,,VM,ichavez@coppercanyonelectricInccom,FAIR (580-669),50000,NO,Copper Canyon Electric Inc. ,600000,50000,- SELECT -
Victor  ,Rubio ,9376579313,,NA,Rubio.victorf@gmail.com,GOOD (670-739),20000,NO,Rubio's Construction ,180000,15000,- SELECT -
Phillip  ,Strong ,7737509597,,VM,philstrong@archetypebuilder.com,FAIR (580-669),15000,NO,Archetype Property Advisors, LLC ,180000,15000,- SELECT -
Yusuf  ,Celik ,5712431325,,VM,jing0909@gmail.com,FAIR (580-669),15000,NO,Nsg Kitchen And Bath LLC ,180000,15000,- SELECT -
Wilmer  ,Lengacher ,2607401496,,NA,wilmerlengacher@gmail.com,FAIR (580-669),70000,NO,Lengachers Framing &amp; Finishing LLC ,840000,70000,- SELECT -
Norbert  ,Mason ,9104764718,,Busy,masontile36@yahoo.com,FAIR (580-669),15000,NO,Mason's Tile &amp; Construction Inc ,180000,15000,- SELECT -
John ,Asher ,8643638985,,NI,thesharkgroup@mac.com,FAIR (580-669),200000,NO,Asher Corporation General Cont. ,2400000,200000,- SELECT -
Eric  ,Campos ,2104672057,,VM,Cfamele@gmail.com,FAIR (580-669),50000,NO,Campos Family Electric ,600000,50000,- SELECT -
Brian  ,Scatchell ,3122135100,,NI,brian@brianelectric.net,FAIR (580-669),15000,NO,Brian Electric ,180000,15000,- SELECT -
Aharon  ,Faircloth ,3368230437,,VM,aharonfaircloth12@gmail.com,FAIR (580-669),150000,NO,AF Roofing Solutions ,1800000,150000,- SELECT -
James ,Dean ,6303274183,,NI,Americanshortsale@gmail.com,FAIR (580-669),10000,NO,American National Realty ,120000,10000,- SELECT -
David  ,Bordelon ,3373053408,,VM,Davidbordelon68@gmail.com,FAIR (580-669),15000,NO,David's Roofing &amp; Remodeling ,180000,15000,- SELECT -
Roberto  ,Ortiz ,7203299546,,VM,Oroberto893@gmail.com,FAIR (580-669),15000,NO,Optimus Concrete Llc ,180000,15000,- SELECT -
Tom  ,Hall ,6124900331,,VM,fton27@comcast.net,FAIR (580-669),20000,NO,New Finish Remodeling &amp; Construction, In ,240000,20000,- SELECT -
Richard ,Bedard ,2819603400,,NA,Dickbedard@gmail.com,FAIR (580-669),30000,NO, Clinton Electric ,300000,25000,- SELECT -
Dana  ,Strickland ,7278595342,,VM,rsigl4069@gmail.com,FAIR (580-669),20000,NO,All Pro Pool Service &amp; Repair ,240000,20000,- SELECT -
Richard	 ,Berger ,4258914909,,NI,rickberger@1stfiresolutions,FAIR (580-669),50000,NO,1st Fire Solutions Llc ,600000,50000,- SELECT -
Ivan  ,Harnes  ,9705310489,,,ikharms@live.com,FAIR (580-669),40000,NO,IKH Trucking ,480000,40000,- SELECT -
John  ,Greer ,7164728360,,NA,jgreer815@hotmail.com,FAIR (580-669),15000,NO,Greer Electric Inc. ,225000,18750,- SELECT -
Lewis  ,Tedder ,7176009054,,DC,Ltsservices@gmail.com,FAIR (580-669),15000,NO,LT's Painting ,180000,15000,- SELECT -
Mary  ,Jones ,8326870366,,A,mjones@fwcoc.org,FAIR (580-669),17000,NO,T &amp; M Jones Services, Inc. ,204000,17000,- SELECT -
Rahshad J  ,Miller ,2055030521,,A,rahshadmiller@gmail.com,FAIR (580-669),15000,NO,Eagle Point Auto Detailing Service ,180000,15000,- SELECT -
Ryan  ,Scamehorn ,4058828392,,Ni,ryanchd@outlook.com,FAIR (580-669),50000,NO,Creative Home Designs ,480000,40000,- SELECT -
Maurice	   ,Huffman ,7203282468,,A,1superiorfloors@gmail.com,FAIR (580-669),80000,NO,Superior Floors ,840000,70000,- SELECT -
Robert  ,Sowash ,7705009063,,A,rsowash2010@gmail.com,FAIR (580-669),25000,NO,Technical Concrete Specialists ,300000,25000,- SELECT -
Joseph  ,Zale ,7732458020,,DC,olympiacarpet@gmail.com,FAIR (580-669),60000,NO,Olympia Floors, Inc. ,720000,60000,- SELECT -
Robert ,Saenz ,4324161716,,Ni,Saenzelectricalservices@gmail.com,FAIR (580-669),40000,NO,R.S. Contractors ,480000,40000,- SELECT -
Roberto  ,Henriquez ,6032167770,,A,Subzerosidingandroofing@ymail.com,FAIR (580-669),15000,NO,Subzero Siding &amp; Roofing ,180000,15000,- SELECT -
Walter  ,Valldares  ,7072604435,,A,Waltervalladares108@yahoo.com,FAIR (580-669),25000,NO,Walker's Transport ,240000,20000,- SELECT -
Joseph	 ,Washington ,3019967965,,A,jwashington@frequencyelectric.com,GOOD (670-739),15000,NO,Frequency Electric Llc ,180000,15000,- SELECT -
Bob  ,Kalsi ,3609142222,,A,bkalsi24@gmail.com,GOOD (670-739),15000,NO,Boundary Plumbing &amp; Htg Llc ,180000,15000,- SELECT -
Tommy ,Williams ,8166742122,,Ni,tonywilliams1738@gmail.com,GOOD (670-739),10000,NO,S &amp; W Construction Llc ,150000,12500,- SELECT -
Robert  ,Hart ,4799031716,,DC,robhart30@gmail.com,GOOD (670-739),12000,NO,Hart Masonry ,144000,12000,- SELECT -
Jim  ,Lehtinen ,6615894777,,DNC,midcalman1@hotmail.com ,GOOD (670-739),30000,NO,Midcal Management ,360000,30000,- SELECT -
Jerry  ,Cole ,2252668821,,A,colejerry51@gmail.com,GOOD (670-739),12000,NO,Cole Construction Company ,144000,12000,- SELECT -
Rusty  ,Mason ,2029716760,,VM,rmason@rmjtradingllc.com,GOOD (670-739),200000,NO,RMJ Trading LLC ,2400000,200000,- SELECT -
Brandon ,Cotton ,2165079368,,A,brcotton@gmail.com,GOOD (670-739),15000,NO,Amazing Concrete, LLC ,180000,15000,- SELECT -
Frank ,Devine ,2818789896,,A,devine.service@yahoo.com,GOOD (670-739),12000,NO,Southern States Welding ,180000,15000,- SELECT -
Allen   ,Driscall ,6145889191,,A,handyallenandson@gmail.com,GOOD (670-739),10000,NO,Handy Allen &amp; Son ,150000,12500,- SELECT -
Alex  ,Annis ,9206277898,,A,thebiggestsqueeze@gmail.com,GOOD (670-739),10000,NO,Big Squeeze Lemonad ,120000,10000,- SELECT -
Carter  ,Walker ,2813982319,,A,walker@lindsvipe.com,GOOD (670-739),150000,NO,Linds Viper ,1800000,150000,- SELECT -
Keelyn  ,Shelton ,4055475581,,A,keelyn@hellocatering.com,GOOD (670-739),150000,NO,Hello Catering &amp; Custom Bakery ,1800000,150000,- SELECT -
Bill  ,Brossi ,2679680104,,A,bblasy@gmail.com,FAIR (580-669),10000,NO,Bill's Restaurant ,120000,10000,- SELECT -
Bob  ,Davis ,3524983111,,A,BDavisBodyShop3837@gmail.com,FAIR (580-669),25000,NO,Davis Body Shop ,240000,20000,- SELECT -
Heather  ,Noirot  ,9097205743,,A,hnoirot@yahoo.com,FAIR (580-669),10000,NO,Divine Cristal Events And Catering  ,120000,10000,- SELECT -
Chad  ,Denning ,9704934363,,Owner NA,ashlingoinc@hotmail.com,FAIR (580-669),10000,NO,Scotchie's Cleaners ,120000,10000,- SELECT -
Erneft  ,Boney ,4109419125,,A,detailworldperddawash@gmail.com,FAIR (580-669),20000,NO,Dixon &amp; Boney Auto Enhancement Center ,240000,20000,- SELECT -
Daniel  ,Mann ,8179664554,,A,eventicateringcompany@gmail.com,FAIR (580-669),10000,NO,Eventi Catering LLC ,180000,15000,- SELECT -
Dennis L  ,Moore ,7705730357,,A,info@chefandmoore.com,GOOD (670-739),10000,NO,Chef &amp; Moore, LLC ,180000,15000,- SELECT -
Saud  ,Abbasi ,8608337724,,A,vapencigar@gmail.com,VERY GOOD (740-799),60000,NO,Vape N Cigar ,650000,54166.66667,- SELECT -
Julia  ,May ,2052290606,,Callback , chefmay2002@yahoo.com,FAIR (580-669),80000,NO,DeJon's Catering ,960000,80000,- SELECT -
Richard,Graves,3175379522,,Owner NA,rgraves@a1ccarecenter.com,FAIR (580-669),30000,NO,A1C Care Center ,360000,30000,- SELECT -
Anthony  ,Mireles ,7205121615,,No Answer,mrniceride@gmail.com,FAIR (580-669),10000,NO,Mr. Nice Car, Ltd. ,120000,10000,- SELECT -
Aaron  ,Hegger ,5129023135,,No Answer, Aaronhegger@yahoo.com,FAIR (580-669),20000,NO,New Orleans Famous Pie Man ,240000,20000,- SELECT -
Daniel L.   ,Brundage ,9282270561,,Owner NA,formerdan48@hotmail.com,FAIR (580-669),30000,NO,Affordable Auto Repair Service ,360000,30000,- SELECT -
Carl,Gray,7635160481,,No Answer,kingcarl2259@gmail.com,GOOD (670-739),20000,NO,King Carl S Auto Repair ,180000,15000,- SELECT -
San,Benchan,7147581475,,Hangup,Mayavalvarez@yahoo.com,FAIR (580-669),50000,NO,Auto Repair Shop La Palma  ,600000,50000,- SELECT -
Richard  ,Gehrett ,9015692693,,No Answer,Richard@uwrmemphis.com,FAIR (580-669),50000,NO,GEHRETT Enterprise ,600000,50000,- SELECT -
 Quincy  ,Williams ,5702304083,,No Answer,&quot;qdw5012@yahoo.com &quot;,GOOD (670-739),10000,NO, Major Move Property Solutions  ,120000,10000,- SELECT -
 Melvin  ,Barnes  ,2163474989,,No Answer,mandmtravel216@gmail.com,GOOD (670-739),15000,NO, M&amp;M Consulting And Investments  ,180000,15000,- SELECT -
JOHN   ,SURLEY ,2547153176,,Voice Mail,jcsurley@gmail.com,GOOD (670-739),30000,NO,S&amp;S SERVICES  ,360000,30000,- SELECT -
Ian  ,Alspo ,2513796602,,Hangup,i.alspo@yahoo.com,GOOD (670-739),30000,NO,Southern Bay Landscaping Inc  ,360000,30000,- SELECT -
 Ryan   ,Norris ,7708752295,,No Answer,ryanno100@gmail.com ,GOOD (670-739),12000,NO,Home Solution ,144000,12000,- SELECT -
Fraser  ,Bishop ,4437449953,,Not Interested ,fraserBishop@msn.com,GOOD (670-739),20000,NO,Reasonable Solutions, LLC ,240000,20000,- SELECT -
 Craig  ,Banwell  ,5178623538,,No Longer In Business,craigbanwell1@gmail.com,GOOD (670-739),30000,NO,List True ,360000,30000,- SELECT -
Dave  ,Wilson ,6786703082,,No Answer,dave.wbcc@gmail.com,GOOD (670-739),10000,NO,Wilson And Blackwell Construction Corp. ,120000,10000,- SELECT -
Sabrina,Hope	 ,9546962532,,No Answer,Hopesl@bellsouth.net,GOOD (670-739),20000,NO, Hourglass Properties Llc ,240000,20000,- SELECT -
John  ,Prewitt ,9726705044,,No Answer,john@hamalenterprises.com,GOOD (670-739),10000,NO, Hamal Enterprises  ,120000,10000,- SELECT -
Emilio  ,Brown ,7864126722,,No Answer,Embrown@tcaerospace.com,GOOD (670-739),250000,NO,Tri-County Aerospace Inc ,3000000,250000,- SELECT -
Dwayne  ,Woods ,5133353815,,No Answer,Finesseservices@cinci.rr.com,GOOD (670-739),35000,NO, Finesse Services ,420000,35000,- SELECT -
Bradley  ,Daigle ,5044210609,,No Answer,Daiglebrad@bellsouth.net,GOOD (670-739),60000,NO,Home Team Elevation &amp; Construction, Llc ,720000,60000,- SELECT -
KENT  ,HARLE ,7604451627,,No Answer,kent@stellarsolar.net,GOOD (670-739),200000,NO,TMAG INDUSTRIES INC. ,2000000,166666.6667,- SELECT -
 Nicola  ,Duque ,2039823226,,No Answer,&quot;nic_fero@yahoo.com &quot;,GOOD (670-739),25000,NO,Nick's Masonry Services, LLC ,300000,25000,- SELECT -
Mr  ,Abel ,2398955361,,Voice Mail,aescity@gmail.com ,GOOD (670-739),50000,NO,Bonita Enterprises ,600000,50000,- SELECT -
Gurpreet  ,Singh ,4082109361,,No Answer,Bsamra611@gmail.com,GOOD (670-739),50000,NO,Samra Trucking ,600000,50000,- SELECT -
Gary  ,Wayne Coyer ,5202614571,,Voice Mail,tradesmentreeandlandscape@gmail.com,GOOD (670-739),10000,NO,Tradesmen Tree And Landscape, LLC ,120000,10000,- SELECT -
David  ,Cobbs ,8433030477,,No Answer,cobbspainting@gmail.com,GOOD (670-739),15000,NO,Cobbs Painting LLC ,180000,15000,- SELECT -
John  ,Yergin ,3175292207,,Not Interested ,Yerginjohn@gmail.com,GOOD (670-739),80000,NO,Y &amp; B Real Estate Investment Group, Llc ,960000,80000,- SELECT -
 Alejandro   ,Garcia ,3059124760,,Voice Mail,&quot;ablaschitz@gmail.com,GOOD (670-739),20000,NO, Flip305 ,240000,20000,- SELECT -
,,,,,,,,,,,,
Brian  ,Prentice ,3162500446,,No Answer,Bprentice75@yahoo.com,GOOD (670-739),10000,NO,Construction &amp; Drywall By Brian Prentice ,120000,10000,- SELECT -
Joseph,Mizrahy,9543800915,,No Answer,a2ztowingtexas1@hotmail.com,GOOD (670-739),10000,NO,A1 QUICK STAR WRECKER SERVICE ,120000,10000,- SELECT -
Ben  ,Hamrick ,7044515245,,No Answer,Ben.w.hamrick@gmail.com,GOOD (670-739),50000,NO,BWH Services ,600000,50000,- SELECT -
Lonnie  ,Laffsinger ,4077662690,,No Answer,lonnie.laffsinger@federatating.com,GOOD (670-739),10000,NO,Federated Trading, LLC  ,120000,10000,- SELECT -
Alberto  ,Delgado ,4046155459,,No Answer,Adpdrywall@yahoo.com,GOOD (670-739),10000,NO,A.D.P. Drywall, Llc ,120000,10000,- SELECT -
Daniel  ,Snyder ,2102405367,,No Answer,armatillopaint@fastmail.fm,GOOD (670-739),15000,NO,Texas HomeSavers ,180000,15000,- SELECT -
Marshall L ,Williams ,3144430150,,No Answer,marshallwilliams33gmail.com ,GOOD (670-739),10000,NO,Williams Remodeling ,120000,10000,- SELECT -
Nemesio  ,Jimenez ,9168076156,,No Answer,superherospad@gmail.com ,GOOD (670-739),10000,NO,Super Hero's Painting And Decoration ,120000,10000,- SELECT -
Ykay  ,Nelson ,8135850088,,Voice Mail,kkulture3@gmail.com ,GOOD (670-739),12000,NO,Kingdom Kulture Inc.  ,144000,12000,- SELECT -
Oleg ,Shtereb ,4699959909,,No Answer,Shtereb@gmail.com,GOOD (670-739),100000,NO,Roofing Giant ,1200000,100000,- SELECT -
Chris ,Browning ,5737853311,,,Email: Browningchris@sbcglobal.net,GOOD (670-739),20000,NO,C &amp; F Auto Salvage ,240000,20000,- SELECT -
Toure'  ,Moody ,4046966223,,No Answer,artisticcdinc@yahoo.com,GOOD (670-739),10000,NO,Artistic Construction &amp; Demolition, Inc. ,120000,10000,- SELECT -
Robert C. ,Burns ,5138866030,,No Answer,,GOOD (670-739),50000,NO,Star Pressure Cleaning, Inc. ,600000,50000,- SELECT -
Jeff,Broms,3096917330,,Owner NA,BROMSFURSANDFASHIONS@YHAOO.COM,GOOD (670-739),15000,NO,Broms Furs &amp; Fashions ,180000,15000,- SELECT -
Michael , Ribble ,5732085567,,No Answer,skribble28@gmail.com,GOOD (670-739),15000,NO,Ribble's Service Company ,180000,15000,- SELECT -
Martin,Rodriguez,3608402364,,Voice Mail,rogriguezmartin925@gmail.com,GOOD (670-739),10000,NO,MCIA LLC ,120000,10000,- SELECT -
Mike  ,Rameshi ,8587748313,,No Answer,Rameshiglass@gmail.com,GOOD (670-739),20000,NO,Rambuilt Glass ,240000,20000,- SELECT -
Jose         ,Coronado ,5129021188,,No Answer,joseoscar@gmail.com,GOOD (670-739),15000,NO,Coronado Cleaning Service ,180000,15000,- SELECT -
Alan  ,Martiny  ,2069318158,,Voice Mail,alan.martiny@gmail.com,GOOD (670-739),15000,NO,Ace 1 Const &amp; Landscaping Inc ,180000,15000,- SELECT -
Joseph  ,Brown ,2052497147,,No Answer,jbrown@brownhomeinspections.com,GOOD (670-739),10000,NO,Brown Professional Home Inspections ,120000,10000,- SELECT -
Medina  ,Jaime ,9156139665,,No Answer,jdmedinatrucking59@gmail.com,GOOD (670-739),12000,NO,JA Medina Trucking,144000,12000,- SELECT -
Daniel Todd   ,James ,2069535448,,No Answer,prutcikntdan49@hotmail.com,GOOD (670-739),10000,NO,Handyman Dan ,120000,10000,- SELECT -
Patrick O  ,Rodgers ,9047733151,,No Answer,Procon333@comcast.net,GOOD (670-739),25000,NO,Procon Concrete Services Llc ,300000,25000,- SELECT -
John  ,Shoemaker ,5122519535,,No Answer,crc@crcaustin.com,GOOD (670-739),40000,NO,Classic House Restoration Contractors ,480000,40000,- SELECT -
Ryan   ,Knecht ,7208380006,,,ryanl72@hotmail.com ,GOOD (670-739),50000,NO,Knecht Construction ,600000,50000,- SELECT -
Dominic  ,Cicchinelli ,4127542000,,No Answer,maplewoodkids@comcast.net ,GOOD (670-739),15000,NO,Maplewood Kids Inc ,180000,15000,- SELECT -
Robert  ,Moore  ,3164092940,,No Answer,Moorestrees@gmail.com,GOOD (670-739),15000,NO,Moore's Tree Service ,180000,15000,- SELECT -
Alex  ,Martin ,5303830785,,No Answer,splashofcolor2007@att.net,GOOD (670-739),50000,NO,Splash Of Color ,600000,50000,- SELECT -
Jayant  ,Malik ,6034382614,,Voice Mail,jayantmalik@yahoo.com ,GOOD (670-739),15000,NO, BLU GLOBAL REALTY  ,180000,15000,- SELECT -
Lawrence  ,Caro ,7864861877,,Callback,lawrencecaro7.lc@gmail.com,GOOD (670-739),10000,NO,Wood Floor For Life Inc, ,120000,10000,- SELECT -
 Victor  ,Sanders ,4106523355,,No Answer, takeadvantagedc@gmail.com,GOOD (670-739),15000,NO,Echo Psf ,150000,12500,- SELECT -
Jesus  ,Rivas ,7038984168,,No Answer,j&amp;sconstructioninc@gmail,GOOD (670-739),15000,NO,J &amp; F Construction Co., Inc. ,180000,15000,- SELECT -
Sandra  ,Wright  ,3142697249,,No Answer,Mswrccs1@gmail.com,GOOD (670-739),15000,NO,MSW Residential Commercial Cleaning Serv ,420000,35000,- SELECT -
Lakisha ,Robinson ,2674395111,,Wrong Number,bintsrealty@gmail.com,GOOD (670-739),15000,NO,Bints Realty LLC ,180000,15000,- SELECT -
 Al   ,Wimberly ,9252068792,,No Answer,bellwayproperty@gmx.com ,GOOD (670-739),10000,NO, Bell Way Property LLC  ,120000,10000,- SELECT -
David ,Aiello ,8569867851,,No Answer,landw2927@yahoo.com,GOOD (670-739),12000,NO,L &amp;W Contractors ,144000,12000,- SELECT -
ANDRE  ,SCOTT ,9729161157,,No Answer,Andre-scott@att.net,GOOD (670-739),10000,NO,SEA TOWING ,120000,10000,- SELECT -
 Par  ,Pender  ,4079497750,,No Answer,ashirempire@gmail.com ,GOOD (670-739),50000,NO, ASHIR EMPIRE LLC  ,600000,50000,- SELECT -
Richard  ,Attia ,8328135518,,No Answer, richard.restorationroofing@gmail.com,GOOD (670-739),20000,NO,Restoration Roofing &amp; Remodeling Llc ,240000,20000,- SELECT -
Lawrence	 ,Momern ,9179233551,,NI,momern@aol.com,GOOD (670-739),20000,NO,Momern Electrical Contractors, Inc. ,240000,20000,- SELECT -
David,Tabechian,2068988666,,VM,dnjcontracting@hotmail.com ,GOOD (670-739),12000,NO,DNJ Contracting ,144000,12000,- SELECT -
Erik,Moore,4026304005,,Out of Business,westerniowaconstruction@gmail.com ,GOOD (670-739),15000,NO,Western Iowa Construction  ,180000,15000,- SELECT -
Alan  ,Yeager ,7705427766,,VM,Alyeager34@gmail.com,GOOD (670-739),15000,NO,Al's Lawn &amp; Landscape, Llc ,180000,15000,- SELECT -
Mauro	 ,Aucay ,2536534874,,NA,mauro_aucay@hotmail.com,GOOD (670-739),12000,NO,Mauro's Flooring ,144000,12000,- SELECT -
Danny  ,Fuller ,4097825346,,VM,harwoodwrecker@gmail.com ,GOOD (670-739),15000,NO,HARWOOD WRECKER LLC ,180000,15000,- SELECT -
Steven ,Thomas ,7708654937,,NI,stevenhandyworks@yahoo.com,GOOD (670-739),10000,NO,&quot; Steven Handy Work 		  ,120000,10000,- SELECT -
Jonathan  ,Paul ,4408344629,,NI, jppainting.son@gmail.com,GOOD (670-739),16000,NO,J.P. Painting &amp; Son ,192000,16000,- SELECT -
Michael ,Weinburg ,8035487254,,VM,(704) 423-9470,GOOD (670-739),15000,NO,Crown Express ,180000,15000,- SELECT -
Art  ,Garcia ,9096447849,,DNC,artgar00@gmail.com,GOOD (670-739),200000,NO,Crystal Coatings San Bernardino Inc ,2400000,200000,- SELECT -
Ramiro	 ,Murguia ,8435681117,,VM,ameria zteca@yahoo.com,GOOD (670-739),100000,NO,Ameria Zteca Contractors ,120000,10000,- SELECT -
Richard  ,G Smart Jr ,9729403566,,VM,smartrichard82@gmail.com,GOOD (670-739),10000,NO,B.A.S. TRANSPORT &amp; TOWING, LLC ,120000,10000,- SELECT -
Christopher  ,Oliva ,2032607630,,VM,copaintingsolution@yahoo,GOOD (670-739),15000,NO,C &amp; O Painting Solutions, LLC ,180000,15000,- SELECT -
Durim  ,Adili ,9733325450,,,durimadili8@gmail.com,GOOD (670-739),12000,NO,King A.D. Construction ,144000,12000,- SELECT -
Stephan,Fletcher,7193068775,,Hungup,terra25@gmail.com,GOOD (670-739),40000,NO,Terra Builders ,480000,40000,- SELECT -
Yordanys  ,Hector ,4077652118,,NA,yaveyori@yahoo.com,GOOD (670-739),100000,NO, JDF Construction And Roofing Group Inc. ,1200000,100000,- SELECT -
Darien,Teeter,4178830800,,Hungup,SpringfieldFamily@scp.net,GOOD (670-739),12000,NO,Springfield Family Laundry ,144000,12000,- SELECT -
Mr. Shane  ,Woodson ,4345311287,,VM,shane@smsprestige.com,GOOD (670-739),15000,NO,Prestige Electric ,180000,15000,- SELECT -
Lewis,Johnson,8172581423,,VM,lewis@emmanuelmanagement.com,GOOD (670-739),50000,NO,Emmanuel Building Services Company ,600000,50000,- SELECT -
Mr. James  ,B Buff ,6362880334,,VM,jamesbuff@garageexperts.com,GOOD (670-739),30000,NO,Garage Experts Of West St. Louis ,360000,30000,- SELECT -
Peter  ,Smoter ,8474011687,,NA,psmoterp@yahoo.com,GOOD (670-739),60000,NO,Pdk Construction ,720000,60000,- SELECT -
Eric  ,Brown ,7573431713,,Hungup,cdvtranssportllc@gmail.com,GOOD (670-739),30000,NO,CDV Transport Llc ,360000,30000,- SELECT -
Patrick  ,Joiner  ,2144606440,,VM,p.j867@yahoo.com,GOOD (670-739),500000,NO,GT40 Motorsports, LLC ,6000000,500000,- SELECT -
Michael   ,Roppo  ,6303305227,,VM,Michaelroppo@yahoo.com,GOOD (670-739),100000,NO,Central Tile &amp; Carpet, Inc. ,1200000,100000,- SELECT -
Ed   ,Devine    ,7045791126,,VM,Edevine001@carolina.rr.com,GOOD (670-739),15000,NO, Devine Constructors ,180000,15000,- SELECT -
Jason   ,Shealy  ,8032698475,,Busy,Jasonshealy76@gmail.com,GOOD (670-739),15000,NO, Shealy Plumbing ,180000,15000,- SELECT -
Mike  ,Price ,2019214190,,VM,kraftco_43@yahoo.com,GOOD (670-739),10000,NO,KRAFTCO ,120000,10000,- SELECT -
Carl  ,Saks ,2107448644,,VM,Carlburtsaks@aol.com ,GOOD (670-739),100000,NO,Carl Saks Contracting ,1200000,100000,- SELECT -
Jason   ,Sims ,5019128802,,VM,jasongsims@sbcglobal.net ,GOOD (670-739),25000,NO,Jason Sims Construction Inc ,300000,25000,- SELECT -
Claudia ,Mendoza ,5618470694,,Not Interested,IQConstructions.outlook.com,GOOD (670-739),25000,NO,I.Q. Constructions Inc ,300000,25000,- SELECT -
Gary ,Cameron ,6783387078,,Voice Mail,trufloplumbingssvc@gmail.com,GOOD (670-739),10000,NO,Tru Flo Plumbing Services  ,120000,10000,- SELECT -
Roberto  ,Roble ,2547449985,,Voice Mail,lnmhomes@hotmail.com,GOOD (670-739),20000,NO,LNM Homes ,240000,20000,- SELECT -
Edward   ,Clarke ,2819688815,,Voice Mail,info@beyondthegeek.org,GOOD (670-739),15000,NO, Beyond The Geek ,180000,15000,- SELECT -
Gil  ,Guerin ,9788150906,,No Answer,Gil@industrialsa.com,GOOD (670-739),50000,NO,Industrial Surface Applications Inc. ,600000,50000,- SELECT -
Jessie  ,Allen ,2034554599,,Voice Mail,allenconstruction.99@gmail.com,GOOD (670-739),50000,NO,Bay Restoration ,600000,50000,- SELECT -
Craig  ,Outland ,2488949733,,Voice Mail,Coutland@element11inc.com,GOOD (670-739),18000,NO,Element 11 Inc ,216000,18000,- SELECT -
Jason  ,Lopez ,8306886197,,Voice Mail,JLplumbing76@gmail.com,GOOD (670-739),15000,NO,J L Plumbing ,180000,15000,- SELECT -
George  ,Andrews ,7705846154,,Voice Mail,Brightenergyga@yahoo.com,GOOD (670-739),15000,NO,Solar Source Of Georgia ,180000,15000,- SELECT -
Karl   ,Holt ,4063966359,,No Answer,kenworthkarl79@gmail.com,GOOD (670-739),30000,NO,Karl Holt Trucking LLC ,360000,30000,- SELECT -
Mustafa  ,Usman ,8475055001,,No Answer,musman360painting.com,GOOD (670-739),25000,NO,Dream Remodelers Inc ,300000,25000,- SELECT -
Fred  ,Augilar ,2106630251,,Voice Mail,fredaugilar63@gmail.com,GOOD (670-739),15000,NO,A-1 Interior Exterior Restorating Remode ,180000,15000,- SELECT -
Eric  ,Randall ,5095755373,,Voice Mail,hitechblastingblastingandcoating@gmail.com,GOOD (670-739),15000,NO,Hi-Tech Blasting And Industrial Coating ,180000,15000,- SELECT -
Abdul Karim F.,Nk,3163003211,,Not Interested,kuntahki@gmail.com,GOOD (670-739),11000,NO,Logistics One, LLC ,132000,11000,- SELECT -
Tiny  ,Salazar ,7204341615,,Not Interested,info@tinygraniteworks.com,GOOD (670-739),100000,NO,Tinys Granite Works, Inc ,1200000,100000,- SELECT -
Scott  ,Marone ,8137600877,,Voice Mail,Smarone@scmconstructionfl.com,GOOD (670-739),150000,NO,SCM Roofing Llc ,1800000,150000,- SELECT -
Derek  ,Hervey ,4698784033,,Voice Mail,Tylil41@gmail.com,GOOD (670-739),20000,NO,C &amp; MD Construction ,240000,20000,- SELECT -
William  ,Robles ,9515332594,,Voice Mail,willy@gmail.com,GOOD (670-739),15000,NO,W&amp;R Trucking ,180000,15000,- SELECT -
Larry  ,Malone ,7089104787,,Voice Mail,larry280zx@yahoo.com,GOOD (670-739),20000,NO,Malone Logistic LLC ,240000,20000,- SELECT -
Saul  ,Cuellar ,9092296210,,Voice Mail,56aiae.cuellar@gmail.com,GOOD (670-739),15000,NO,Cuellar Transport ,180000,15000,- SELECT -
Tomas ,Aloisio ,4043533315,,Low gross,tomas@artofservices.com,GOOD (670-739),10000,NO,Art Of Services ,120000,10000,- SELECT -
Steve ,Heffernan ,7708835648,,DC,steve.acd@att.net,GOOD (670-739),12000,NO,Arisan Cabinetry &amp; Design ,144000,12000,- SELECT -
Devin ,Wilson ,2546451002,,Voice Mail,Devinw95@gmail.com,GOOD (670-739),50000,NO,Wilson Lawn &amp; Tree Service ,600000,50000,- SELECT -
Curtis ,Gracie ,6032318835,,Voice Mail,ce_gracie@yahoo.com,GOOD (670-739),15000,NO,CE Gracie Home Improvement ,180000,15000,- SELECT -
Ahmad ,Naeem ,3129272252,,Call Rejected,mychicago786@gmail.com,GOOD (670-739),60000,NO,EZZA BUILDINGS LLC ,720000,60000,- SELECT -
Jose ,Canales ,9152523597,,Voice Mail,Cgcconstruction@hotmail.com,GOOD (670-739),15000,NO,Canales General Contracting-Plumbing ,180000,15000,- SELECT -
Steven ,Toth ,4043849893,,No Answer,steventoth19@gmail.com,GOOD (670-739),10000,NO,Mastercrafters ,120000,10000,- SELECT -
Larry ,Crank ,9032774549,,Voice Mail,CRANKLARRY@YAHOO.COM,GOOD (670-739),30000,NO,C.A.S. CONSTRUCTION ,360000,30000,- SELECT -
Matthew,Mckinley,2543837751,,Voice Mail,Missynmatt@hotmail.com,GOOD (670-739),10000,NO,MSM Plumbing  ,120000,10000,- SELECT -
Idory  ,Mayhorn ,2815419776,,VM,MAYHORN@GMAIL.COM,GOOD (670-739),15000,NO,Complete Construction &amp; Design ,180000,15000,- SELECT -
Dwight  ,Birmingham ,9176867155,,VM,bluestone16@gmail.com,GOOD (670-739),15000,NO,Bluestone Developers ,180000,15000,- SELECT -
Michael  ,Fitzpatrick ,4695856427,,VM,micheal@ambientelectrician.com,GOOD (670-739),15000,NO, Ambient Electric LLC  ,180000,15000,- SELECT -
Arie  ,Steele ,7188743006,,Hangup,Steerechickey@aol.com,GOOD (670-739),15000,NO,Arie Steele Installations Llc ,180000,15000,- SELECT -
Oscar,Lorandi,7202566351,,No answer,oscarlorandi@mastertrimllc.com,GOOD (670-739),100000,NO,Master Trim Construction LLC ,1200000,100000,- SELECT -
Michael  ,Fisher ,2109527365,,Not interested,emgc@yahoo,GOOD (670-739),150000,NO,Earth Masonry &amp; General Construction ,180000,15000,- SELECT -
Paul  ,Wcislo ,7735959536,,VM,taro7619@gmail.com,GOOD (670-739),15000,NO,TARO BRO'S IN ACTION INC ,180000,15000,- SELECT -
Ibrahima	 ,Sane ,2066181550,,VM,saneibou@aol.com,GOOD (670-739),15000,NO,Touba Int ,180000,15000,- SELECT -
Tambre  ,Martinez ,2106289138,,Not interested,trmholds@gmail.com,GOOD (670-739),25000,NO,TRM Holdings, LLC ,300000,25000,- SELECT -
Jim,Wolfenson,7089252500,,VM,jwolfenson@ymail.com,GOOD (670-739),15000,NO,Med America Energy Corp ,180000,15000,- SELECT -
Ricardo  ,Caceres ,2403887555,,VM,riccardobegazo@gmail.com,GOOD (670-739),10000,NO,Riccardos Construction Inc ,120000,10000,- SELECT -
Richard  ,Adams ,7048915304,,No answer,adamsrichard750@yahoo.com,GOOD (670-739),10000,NO,Adams Home Remodeling And Roofing ,120000,10000,- SELECT -
John ,Rios ,9704855565,,No answer,01johnrios@gmail.com,GOOD (670-739),48000,NO,LTR Home Delivery Services Llc ,576000,48000,- SELECT -
Sebastian  ,Crossland ,5125864099,,Hangup,scrossland@outlook.com ,GOOD (670-739),15000,NO,CITADEL ROOFING SYSTEMS ,180000,15000,- SELECT -
Leonel  ,Rojas ,2107718698,,Hangup,SIMPLELAWNTREELANDSCAPE@GMAIL.COM,GOOD (670-739),10000,NO,Simple Lawncare, Landscape And Tree Serv ,120000,10000,- SELECT -
Lann  ,Sawyer ,9569290607,,VM,sawery.lann@gmail.com,GOOD (670-739),15000,NO,Lannscape  ,180000,15000,- SELECT -
BILLY   ,SODEN ,8702171302,,VM,billydonsoden@yahoo.com,GOOD (670-739),12000,NO,SODEN AND SONS PAINTING ,144000,12000,- SELECT -
Jeremy  ,Kassaerli ,7742300882,,VM,pass85@gmailcom,GOOD (670-739),15000,NO,On The Mark General Contracting  ,180000,15000,- SELECT -
Jose  ,Morales ,3604101216,,VM,herreramorales95@gmail.com,GOOD (670-739),15000,NO,Rainbow Landscaping CO ,180000,15000,- SELECT -
Eldridge L. ,Lee ,8322588886,,VM,eldridge.lee@e4educaters.com,GOOD (670-739),11000,NO,Putting Idea Into Words ,132000,11000,- SELECT -
Kevin  ,Jones ,3147919072,,VM,Kjones.dart@yahoo.com,GOOD (670-739),20000,NO,Dart Development Construction, Llc ,240000,20000,- SELECT -
Adam  ,Winakur ,2106775273,,VM,waterwerksmobiledetail@yahoo.com,GOOD (670-739),10000,NO,Water Werks Mobile Detail ,120000,10000,- SELECT -
Peter  ,Sergio ,7084656767,,VM,szepeda524@yahoo.com,GOOD (670-739),15000,NO,ACCURATE CONSTRUCTION SITE SERVICES INC ,180000,15000,- SELECT -
Glenn  ,Williams ,8324238467,,VM,glenn@csscorporatesecurity.com,GOOD (670-739),15000,NO,CSS Corporate Security Service LLC ,180000,15000,- SELECT -
Doug  ,Harness ,8475144530,,Not interested,dough@harnessconstruction.com,GOOD (670-739),20000,NO,HARNESS REAL ESTATE AND CONSTRUCTION LTD ,240000,20000,- SELECT -
Darryl  ,Hickman ,7732664777,,VM,darrylhickman@me.com,GOOD (670-739),50000,NO,MANKICH CONSTRUCTION ,600000,50000,- SELECT -
Bernhard  ,Myrick ,4793727392,,VM,myrickbernhard@gmail.com,GOOD (670-739),10000,NO,A K L ,120000,10000,- SELECT -
Andre  ,Moore ,7736530810,,Hangup,andredmoore45@gmail,GOOD (670-739),10000,NO,ANDRE DOES MOORE Construction ,120000,10000,- SELECT -
Greg   ,Ward ,9202530308,,Not Interested,awardcontractingllc@gmail.com ,GOOD (670-739),10000,NO,A Ward Contracting, LLC ,120000,10000,- SELECT -
Trey  ,Dunlap ,2055046578,,NA,handymenrus@outlook.com,GOOD (670-739),12000,NO,Handymen R Us, L.L.C. ,144000,12000,- SELECT -
Oscar  ,Diaz ,9703195494,,NA,oe33degreesllc@hotmail.com ,GOOD (670-739),20000,NO,33 Degrees ,180000,15000,- SELECT -
Joseph  ,Adibu ,7736973744,,Hang up,josephadibu@hotmail.com,GOOD (670-739),15000,NO,Super Coin Laundry ,180000,15000,- SELECT -
Mark  ,Slater ,4082058835,,WN,Mslater58@gmail.com,GOOD (670-739),20000,NO,Slater Construction &amp; Design ,240000,20000,- SELECT -
Yhwhiyr  ,Yisrael ,7735052607,,NA,billspaidllc@yahoo.com ,GOOD (670-739),10000,NO,BILLS PAID LLC ,120000,10000,- SELECT -
Chris  ,Parker ,8139925206,,NA,Parkerinc@live.com,GOOD (670-739),20000,NO,IGT Homes Inc ,240000,20000,- SELECT -
Chad  ,Preece ,6025187121,,NA,Chadpreece@hotmail.com,GOOD (670-739),10000,NO,C.P.R. &amp; R., Llc ,120000,10000,- SELECT -
Barry  ,Bray ,8703465429,,NA,blm5429@yahoo.com,GOOD (670-739),15000,NO,BRAY'S CONSTRUCTION LLC-L ,180000,15000,- SELECT -
Rassan  ,Bailey ,7044519691,,NA,aca_1@msn.com,GOOD (670-739),25000,NO,ACA Construction LLC  ,300000,25000,- SELECT -
Jeremy  ,McCord ,6629340062,,DNC,(662) 934-0062,GOOD (670-739),120000,NO,Jeremy's Perfect Finish Llc ,1440000,120000,- SELECT -
Terence  ,Booker ,9092013382,,NA,tbclathandplaster@live.com,GOOD (670-739),200000,- SELECT -,TBC Lath And Plastering ,2400000,200000,- SELECT -
Roberto   ,Patino ,7736163319,,NA,patino2000@gmail.com,GOOD (670-739),20000,NO,Magic Realty	 ,240000,20000,- SELECT -
Nikita  ,Godfrey ,4044533934,,CLLBCK,nfgodfretrucking@gmail.com,FAIR (580-669),25000,NO,N F Godfrey Trucking ,300000,25000,- SELECT -
Glenn  ,Bayless  ,3109466996,,NA,glennglennbayless@yahoo.com,GOOD (670-739),20000,NO,Jus Dumpin Llc ,240000,20000,- SELECT -
Antonio  ,Hernandez ,6122507522,,NA,hernandezconts@gmail.com,GOOD (670-739),150000,NO,Hernandez Remodeling Llc ,180000,15000,- SELECT -
Charles F  ,Poitras ,8432316400,,NA,cfpoitras66@gmail.com,GOOD (670-739),12000,NO, Personal Touch Lawn Service &amp; Maintenan ,144000,12000,- SELECT -
Randy  ,Mcnabb ,2817064593,,NA,rmpamp2014@gmail.com,GOOD (670-739),10000,NO,R Amp M Plumbing ,120000,10000,- SELECT -
Doren ,Guzman  ,7203529648,,NA,Dorenguzman@juno.com,GOOD (670-739),15000,NO,Kensington Commercial Cleaning Llc ,240000,20000,- SELECT -
Damian  ,Perez ,4072340430,,NA,orrexxis@gmail.com,GOOD (670-739),12000,NO,Flordiluna,LLC ,144000,12000,- SELECT -
Samuel  ,Evans ,6625230407,,NA,email@email.com,GOOD (670-739),25000,NO,Sevans Trucking, LLC ,300000,25000,- SELECT -
Mike  ,Alder ,2106690153,,NA, jcarma2017@yahoo,com,GOOD (670-739),15000,NO,Mike Alder LLC. ,180000,15000,- SELECT -
Jake  ,Mason ,6502710276,,NA,jake.mason@southbell.net,GOOD (670-739),250000,NO,Mason Remodeling  ,3000000,250000,- SELECT -
Israel  ,Correa  ,7089217472,,NA,chicagoblackstonerenovations@gmail.com,GOOD (670-739),20000,NO,Chicago Blackstone Renovation Inc. ,240000,20000,- SELECT -
Joshulon  ,Mauldin ,9032582373,,NA,joshulonm@gmail.com,GOOD (670-739),15000,NO,Galaxy Transport ,180000,15000,- SELECT -
Bobbie B.  ,Richey S ,3137200447,,NA,richeyjanitorialservices@yahoo.com,GOOD (670-739),12000,NO,Richey Janitorial Service, LLC ,144000,12000,- SELECT -
Taha  ,Mustafa ,8625717431,,NA,Tmhome@ymail.com,GOOD (670-739),40000,NO,T &amp; M Construction ,480000,40000,- SELECT -
Larry  ,Benson ,2082300910,,NA,Lb8223@yahoo.com,GOOD (670-739),15000,NO,Lbj Window Cleaning ,180000,15000,- SELECT -
Anthony	 ,Gambrell ,7202979059,,NA,anthonygambrell1961@gmail.com,GOOD (670-739),40000,NO,Gambrell Electric ,480000,40000,- SELECT -
Al  ,Ellis ,5852841394,,NI,aljamesellis@gmail.com,GOOD (670-739),15000,NO,Jumbo's Fish &amp; Seafood ,180000,15000,- SELECT -
Orain  ,Bingham ,2672061103,,No Answer,orain82@gmail@com,GOOD (670-739),15000,NO,BINGHAM &amp; EDWARDS REO LLC ,180000,15000,- SELECT -
Troy   ,Grasseth ,4255311747,,Voice Mail,g2contracting@livecom,GOOD (670-739),100000,NO,G2 Contracting LLC ,1200000,100000,- SELECT -
Nearl  ,Venn ,4192155382,,Hangup,nearlvenn@att.net,GOOD (670-739),10000,NO, V &amp; K Electric ,120000,10000,- SELECT -
Richard   ,Bucklew ,6193005072,,-,keatingpreowned@gmail.com,GOOD (670-739),15000,NO,Don Keating's LLc   ,180000,15000,- SELECT -
Henri  ,Knipper ,5128448666,,No Answer,Henryknipper@pekinc.com,GOOD (670-739),180000,NO,Pek Inc ,2160000,180000,- SELECT -
Wayne  ,Grau ,7146127333,,Voice Mail,waynegrau@hotmail.com,GOOD (670-739),15000,NO,Best Tel ,180000,15000,- SELECT -
Rene  ,Rogue ,7062639965,,No Answer,rogueconstruction7@gmail.com,GOOD (670-739),15000,NO,Rogue Construction ,180000,15000,- SELECT -
Dave	  ,Loomis ,6305482131,,No Answer,daveloom@aol.com ,GOOD (670-739),75000,NO,ABC Home Center ,900000,75000,- SELECT -
Richard  (Rick) ,Oller ,5805411429,,No Answer,metcobrovers@yahoo.com,GOOD (670-739),40000,NO,Metco, Inc ,480000,40000,- SELECT -
Othon  ,Gamboa ,8478095351,,Voice Mail,othongamboa60@gmail.com,GOOD (670-739),14000,NO,A &amp; R Logistics ,168000,14000,- SELECT -
Ruberson  ,Oliveira ,4047133821,,No Answer,ruberson@rumostilesandpools.com,GOOD (670-739),10000,NO,Oliveira's Pool Service ,120000,10000,- SELECT -
James  ,Callas ,6783004980,,Hangup,jcallas@windstream.net,GOOD (670-739),50000,NO,Simply Southern Construction LLC. ,600000,50000,- SELECT -
Edward  ,Marchigiani ,9148797988,,No Answer,ed@westchestersitework.com,GOOD (670-739),20000,NO,Westchester Site Work Inc ,240000,20000,- SELECT -
Robert ,Williams ,5017663147,,No Answer,EMAIL-bishoprobertdwillams@yahoo.com,GOOD (670-739),15000,NO,POPS ,180000,15000,- SELECT -
George ,Maldonado ,7325815328,,No Answer,mlamanna06@gmail.com,GOOD (670-739),250000,NO,Maldonado &amp; Sons Quality General Constru ,3000000,250000,- SELECT -
Bob  ,Lowell ,5594162424,,No Answer,bob@accessmachinery.com,GOOD (670-739),10000,NO,Access Machinery ,120000,10000,- SELECT -
Phil  ,Reed ,2316763570,,-,tailrppehrchater.net,GOOD (670-739),25000,NO,Reed Builders ,300000,25000,- SELECT -
Tony  ,Coughlin ,2698382001,,No Answer,coughlino@y ahoo.com,GOOD (670-739),100000,NO,Coughlin Home Improvement ,1200000,100000,- SELECT -
Jeffrey  ,Thomas ,8323121083,,No Answer,jthomas2k3@yahoo.com,GOOD (670-739),10000,NO,Angel's Security &amp; Associates ,120000,10000,- SELECT -
CHARLES  ,BLACKLOCK ,2148370766,,-,covenantoneplumbing@yahoo.com,GOOD (670-739),15000,NO,Covenant Plumbing LLC ,180000,15000,- SELECT -
NELSON  ,ROBIN-L ,5016528244,,Voice Mail,allservices@tcworks.net,GOOD (670-739),15000,- SELECT -,ALL SERVICES ,180000,15000,- SELECT -
Randolph  ,Balkaran ,7184504624,,No Answer,RandolphBalkaran10@gmail.com,GOOD (670-739),12000,NO,D. Freco General Construction ,144000,12000,- SELECT -
Dallas   ,Goodin ,3137437020,,Voice Mail,Dallas.goodin@yahoo.com,GOOD (670-739),15000,NO,Doc's Towing Service ,180000,15000,- SELECT -
DeAndre  ,Turnipseed ,4045760865,,No Answer,altgeneralservices@gmail.com,GOOD (670-739),15000,YES,ALT General Service ,180000,15000,- SELECT -
Oliver	  ,Arnold Jr ,8434768030,,No Answer,arnoldrhb@gmail.com,GOOD (670-739),10000,NO,Arnold Residential Home Builders Llc ,120000,10000,- SELECT -
Steven,Harter,8179945310,,No Answer,steve@harterelectric.com,GOOD (670-739),15000,NO,Harter Electric Service, Inc. ,180000,15000,- SELECT -
CALVIN,MITCHELL ,5124894443,,No Answer,Info@mccogroupinc.com,GOOD (670-739),30000,NO,C GLASS ,360000,30000,- SELECT -
Michael	 ,Allen ,8102299927,,Not interested ,allenpaintco@yahoo.com,GOOD (670-739),15000,NO,Allen Paint Company ,180000,15000,- SELECT -
Chris  ,Manganello ,8608034005,,No Answer,dynamicbasementsplus@yahoo.com,GOOD (670-739),15000,NO,Dynamic Basements Plus ,180000,15000,- SELECT -
Maria ,Scott ,7737180107,,Owner NA,mariascott886@yahoo.com,GOOD (670-739),100000,NO,Angel Cleaning Service Of Illinois ,1200000,100000,- SELECT -
Glenn  ,Christy ,4842388850,,A,Gchristyhomeimprovements@windstream.net,GOOD (670-739),16000,NO,Glenn Christy Home Improvements ,192000,16000,- SELECT -
Tom  ,Poland ,7703696007,,A,coachtp@gmail.com,GOOD (670-739),20000,NO,Tomco Builders ,240000,20000,- SELECT -
Mark  ,Allen ,2039475178,,VM,m.allenhomerestore@gmail.com,GOOD (670-739),21000,NO,M. Allen Home Restorations LLC ,252000,21000,- SELECT -
Isai   ,Martinez ,2107184575,,A,Home.remodeling.im@gmail.com,GOOD (670-739),10000,NO,Im Home Remodeling  ,144000,12000,- SELECT -
David,Bailey,8017379600,,A,dav@balcomputers.com,GOOD (670-739),15000,NO,B &amp; L CUSTOM COMPUTERS ,180000,15000,- SELECT -
Gary  ,Stead ,5862153100,,A,parkaveassoc@wowway.com,GOOD (670-739),15000,NO,Park Ave Assoc ,180000,15000,- SELECT -
 David  ,Snyder ,3143783806,,A,snyderconstruction@gmail.com,GOOD (670-739),15000,NO,Snyder's Construction ,180000,15000,- SELECT -
Ramond,Wicks,4433547917,,VM,rwrkcllc@gmail.com,GOOD (670-739),20000,NO,Native Eagle Consulting Group, LLC  ,240000,20000,- SELECT -
Dan  ,Byers ,3033298242,,DC,Kadbenterprises@aol.com,GOOD (670-739),90000,NO,KADB Enterprises ,1080000,90000,- SELECT -
Allen  ,Battle ,7137319922,,NI,Battletexas@yahoo.com,GOOD (670-739),20000,NO,Battle Plumbing Company ,240000,20000,- SELECT -
Marvin  ,Sheley ,2088694192,,VM,mandsrepair1999@gmail.com,GOOD (670-739),15000,NO,M &amp; S REPAIRS &amp; REMODELS ,180000,15000,- SELECT -
Loic  ,Lelay ,9177098333,,A,info@allbriteinteriors.com,GOOD (670-739),15000,NO,Allbrite Interiors Inc. ,180000,15000,- SELECT -
Barry  ,Schafer ,6196742961,,A,barrylschafer@yahoo.com,GOOD (670-739),Justin,NO,Schafer Remodeling Construction Services ,180000,15000,- SELECT -
Robert  ,Miller ,9106707803,,DNC,Hmcleaningmaryrobert@gmail.com,GOOD (670-739),15000,NO, H &amp; M Cleaning Service ,180000,15000,- SELECT -
Craig  ,Blume ,2392978585,,Retired From Buisness,craig.blume@handy-vets.com,GOOD (670-739),25000,NO,Handy Vets ,300000,25000,- SELECT -
Justin  ,King ,6784697931,,NI,jking@reovendor.com,GOOD (670-739),300000,NO,REO Vendor I, LLC ,3600000,300000,- SELECT -
 Manuel  ,Moreno ,6024190650,,N,rycd30@cox.net,GOOD (670-739),15000,NO,Islander Janitorial And Landscaping Serv ,144000,12000,- SELECT -
Nani  ,Nau ,8017879486,,A,naninau78@gmail.com,GOOD (670-739),10000,NO,Nau Payless Concrete &amp; Landscaping ,144000,12000,- SELECT -
Palladin  ,Foster ,8327137320,,A,Pdabarber@yahoo.com,GOOD (670-739),15000,NO,A LIL Something Printing ,180000,15000,- SELECT -
Pedro  ,Paz  ,9564540939,,VM,Petepaz2528@gmail.com,GOOD (670-739),20k,NO,P &amp; A Transport ,240k,20,- SELECT -
Paul  ,Ruiz ,7087521839,,N,paulruiz333@gmail.com,FAIR (580-669),100000,- SELECT -,Modern Living Construction And Managemen ,1200000,100000,- SELECT -
David  ,Muniz ,2149187679,,A,davidmnz@gmail.com,FAIR (580-669),10000,NO,Water Tite Plumbing ,120000,10000,- SELECT -
Jason R.,Lammert ,3145009399,,VM,sficonstruction@voho.com,GOOD (670-739),20000,NO,S F I Construction ,240000,20000,- SELECT -
James   ,Loggins ,7138266526,,VM,jameshloggins@yahoo.com,GOOD (670-739),30000,NO,Loggins Custom Construction ,360000,30000,- SELECT -
Dave   ,Eastman ,8083412546,,A,david@eielectrical.com,GOOD (670-739),100000,NO,E I Electrical, Inc. ,1200000,100000,- SELECT -
Froylan   ,Ivedanvo ,7864433334,,DC,froylanarchidesign@gmail.com,GOOD (670-739),40000,NO,Archidesign, Inc	 ,480000,40000,- SELECT -
 Dan  ,Alwan ,3096823126,,VM,dlsla1@comcast.net,GOOD (670-739),25000,NO,Blinds For Less ,300000,25000,- SELECT -
Richard,Williams,4255919885,,VM,richmwusa@netscape.net,GOOD (670-739),50000,NO,Homeco LLC (Richards Corporation) ,600000,50000,- SELECT -
Dennis ,Paul ,5166446813,,Voice Mail,info@dpaulhomeimprovementsinc.com,GOOD (670-739),15000,NO,D. Paul Home Improvements Inc ,180000,15000,- SELECT -
Marcus	 ,Oxendine ,7046065711,,No Answer,moxtreeservices@gmail.com,GOOD (670-739),12000,NO,Morgan &amp; Oxendine Tree Service ,144000,12000,- SELECT -
Austin  ,Spagnola ,9723021919,,No Answer,SpagnolaLandSolutions@gmail.com,GOOD (670-739),15000,NO,Spagnola Land Solutions Llc ,180000,15000,- SELECT -
Robert,Gremillion,5046288237,,No Answer,rgremi427@gmail.com,GOOD (670-739),15000,NO,Construction And Remodeling Company, Inc ,180000,15000,- SELECT -
Ramiro , Mata Sr  ,9569290955,,No Answer,libertyfence.ram@gmail.com,GOOD (670-739),30k,NO,Liberty Fence &amp; Iron Works ,336000,28000,- SELECT -
Erik  ,Munck ,2032132476,,No Answer,trademarkenterprise@gmail.com,GOOD (670-739),15k,NO,Trademark Enterprise ,180000,15000,- SELECT -
Michael   ,Scott Burns  ,4075924740,,No Answer,2015michaelburns@gmail.com,GOOD (670-739),15k,NO,Scotty's Painting &amp; Pressure Cleaning &amp;  ,180k,15,- SELECT -
Ben   ,Benson ,5016972323,,No Answer,infobensons@gmail.com,GOOD (670-739),400k,NO,BENSON &amp; COMPANY-U ,400k,400k,- SELECT -
Mehmet  ,Cakmak ,4048503210,,DNC List,Lighter3891@gmail.com,GOOD (670-739),20,NO,Cakmak Painting ,240k,20,- SELECT -
Michael  ,Lallier ,3033190639,,No Answer,michael@lcidenver.com,GOOD (670-739),125000,NO,Lallier Construction INC ,1500000,125000,- SELECT -
Ben  ,Trzyna ,9155439300,,No Answer,barnett.bennettconst@yahoo.com,GOOD (670-739),40k,NO,Barnett &amp; Bennett Construction ,480k,40,- SELECT -
William   ,W. King ,8038086909,,Voice Mail,email@email.com,GOOD (670-739),300k,NO,Wall Systems, Inc ,3600000,300000,- SELECT -
John  ,Oge ,7542343763,,No Answer,jtogletree61746@gmail.com,GOOD (670-739),20,NO,JTO Construction &amp; Associates ,240k,20,- SELECT -
Nick,Blackhurst,8036651227,,No Answer,nblackhurst@bellsouth.net,GOOD (670-739),40k,- SELECT -,Nick Blackhurst Co ,480k,40,- SELECT -
Richard  ,Brackett ,4042073640,,Sale Made on New Lender,Brackett385@gmail.com,GOOD (670-739),20,NO,Bracketts Ratchet Auto Service Inc. ,240k,20,- SELECT -
Sanjay   ,Taneja ,7135810172,,No Answer,Sanjay@htownconstruct.com,GOOD (670-739),20,NO,H-Town Construction  ,240k,20,- SELECT -
Brian   ,Caputo ,7085140457,,No Answer,Brianswconstruction95@yahoo.com,GOOD (670-739),80k,NO,Brian Caputo's Southwest Construction ,960k,80k,- SELECT -
Tony   ,Koch  ,2816281010,,No Answer,akremodeling93@gmail.com,GOOD (670-739),30k,NO,AK Remodeling ,360k,30k,- SELECT -
Greg,Wilson,4045767647,,No Answer,wilsonroofingandrestoration@yahoo.com,GOOD (620 - 679),,NO,Wilson Roofing And Restoration,240000,,
Anthony,Hudson,8658051992,,No Answer,admaintenanceandelectrical@gmail.com,GOOD (620 - 679),,NO,A.D. Maintenance &amp; Electrical,144000,,
Tim,Pascale,4023338767,,No Answer,TimPascale@gmail.com,GOOD (620 - 679),,NO,Gutterworks Inc,144000,,
Danny,Hall,7068897777,No Answer,No Answer,Danelin@ellijay.com,GOOD (620 - 679),,NO,Danny Hall's Tree Service &amp; Hardscapes I,240000,,
Edward,Costley,2108828321,Voice Mail,No Answer,Noedcopro@aol.com,GOOD (620 - 679),,NO,Northern Edco Properties,120000,,
Antonio,Terrazas,2103899711,Not Interested,No Answer,aterrazas001@yahoo.com,GOOD (620 - 679),,NO,A Terrazas Trucking,114000,,
Raymond,McCloud,3305752390,No Answer,No Answer,RayMcCloud29@gmail.com,GOOD (620 - 679),,NO,Mc Kitchen,180000,,
PHIL,SHOOK,6029313553,No Answer,No Answer,shookpainting@yahoo.com,GOOD (620 - 679),,NO,Shook Painting LLC,144000,,
Elias Leroy,Contreras,5093801416,No Answer,No Answer,advanterhomesolutions@gmail.com,GOOD (620 - 679),,NO,Advanter Home Solutions, LLC,120000,,
Justin,Guest    DNC,4433925029,Hang Up,Hang Up,JustinGuest214@gmail.com,GOOD (620 - 679),,,Guest Solutions,240000,,
Michael,Jones,2145022014,No Answer,Voice Mail,Mjones@cmjdesignbuild.com,FAIR (580 - 619),,NO,C. Michael Jones Design Build LLC,300000,,
